Name, Email
ngmoco (DeNA),jobs@ngmoco.com
Disney Interactive - Salt Lake,jobs@DisneyGames.com
Eerie Canal Games,jobs@eerie-canal.com
15 letters,jobs@15letters.com
"2015",jobs@2015.com
21-6 Productions,jobs@21-6.com
2D Boy,jobs@2dboy.com
2K Games,jobs@2kgames.com
2K Marin,jobs@2kmarin.com
Visual Concepts,jobs@2ksports.com
2K Sports,jobs@2ksports.com
3D Realms,jobs@3drealms.com
3G Studios,jobs@3gstudiosinc.com
5000ft,jobs@5000ft.com
5th Cell,jobs@5thcell.com
6waves Lolapps,jobs@6waves.com
7-128 Software,jobs@7128.com
8monkey Labs,jobs@8monkeylabs.com
A Bit Lucky (Zynga),jobs@abitlucky.com
Activeworlds.com,jobs@activeworlds.com
Activision Blizzard,jobs@activision.com
Beachhead (Activision),jobs@activision.com
Activision Publishing Minneapolis,jobs@activision.com
Activision Blizzard,jobs@blizzard.com
Actual Entertainment,jobs@actualentertainment.com
Atom Entertainment,jobs@addictinggames.com
Addmired,jobs@addmired.com
Adhesive Games,jobs@adhesivegames.com
Aeria Games,jobs@aeriagames.com
Agetec,jobs@agetec.com
Airtight Games,jobs@airtightgames.com
Aki United States,jobs@aki.co.jp
Aksys Games,jobs@aksysgames.com
Alchemic Productions,jobs@alchemicproductions.com
All inPlay,jobs@allinplay.com
The Amazing Society,jobs@amazingsociety.com
Autumn Moon Entertainment,jobs@amegames.com
AMI Entertainment Network,jobs@amientertainment.com
Anomaly Labs,jobs@anomalylabs.com
Apogee Software,jobs@apogeesoftware.com
App Ant Studios (GREE),jobs@appantstudios.com
Appy Entertainment,jobs@appyentertainment.com
Archimage,jobs@archimage.com
Archon Games,jobs@archongames.com
ArenaNet (NCsoft),jobs@arena.net
Arkane Studios (ZeniMax Media),jobs@arkane-studios.com
Armature Studio,jobs@armaturestudio.com
Aspyr Media,jobs@aspyr.com
Atakama Labs (DeNA/ngmoco),jobs@atakamalabs.com
Atari,jobs@atari.com
AT KidSystems,jobs@atkidsystems.com
Atlus United States,jobs@atlus.com
Atomic Games,jobs@atomicgames.com
Autumn Games,jobs@autumngames.com
Avatar Reality,jobs@avatar-reality.com
Babaroga Games,jobs@babaroga.com
Backflip Studios,jobs@backflipstudios.com
Barking Lizards Technologies,jobs@barkinglizards.com
Basilisk Games,jobs@basiliskgames.com
Battlefront.com,jobs@battlefront.com
Baygull Studios,jobs@baygullstudios.com
BBMF Americas,jobs@bbmf-americas.com
Beep Industries,jobs@beepindustries.com
Sony Computer Entertainment,jobs@bendgamestudio.com
Benxing Entertainment,jobs@benxing.com
Bethesda Softworks (ZeniMax Media),jobs@bethsoft.com
Big Finish Games,jobs@bigfinishgames.com
Big Fish Games,jobs@bigfishgames.com
Big Fun Development Corporation,jobs@bigfun.net
Big John Games,jobs@bigjohngames.com
Big Rooster,jobs@big-rooster.com
BioWare Social (Electronic Arts),jobs@bioware.com
BioWare Austin (Electronic Arts),jobs@bioware.com
Birnam Wood Games,jobs@birnamwoodgames.com
BitMonster,jobs@bitmonstergames.com
Blackburst Media,jobs@blackburstmedia.com
Black Jacket Games,jobs@blackjacketgames.com
Black Lantern Studios,jobs@blacklanternstudios.com
Black Ops Entertainment,jobs@blackops.com
Blendo Games,jobs@blendogames.com
Blind Wink Games (Universal Pictures),jobs@blindwink.com
Blizzard Entertainment,jobs@blizzard.com
blockdot,jobs@blockdot.com
Blue Goji,jobs@bluegoji.com
Blue Heat,jobs@blue-heat.com
Blue Mammoth Games,jobs@bluemammoth.com
Blue Planet Software,jobs@blueplanetsoftware.com
Bluepoint Games,jobs@bluepointgames.com
Blue Shift Games,jobs@blueshiftgames.com
Bonfire Studios,jobs@bonfire-studios.com
Boomzap,jobs@boomzap.com
Bouncing Pixel,jobs@bouncingpixel.com
BreakAway Games,jobs@breakawaygames.com
Breaktime Studios,jobs@breaktimestudios.com
BRIGHTdriver,jobs@brightdriver.com
Broken Circle Studios,jobs@brokencirclestudios.com
Broodworks,jobs@broodworks.com
Buffalo Studios,jobs@buffalo-studios.com
Bungie Studios,jobs@bungie.net
Buzz Monkey Software (Zynga),jobs@buzzmonkey.com
Cadillac Jack,jobs@cadillacjack.com
Canopy Games,jobs@canopygames.com
Capcom,jobs@capcom.com
Carbine Studios (NCsoft),jobs@carbinestudios.com
Carbon Games,jobs@carbongames.com
Carpe Fulgur,jobs@carpefulgur.com
Cascade Game Foundry,jobs@cascadegamefoundry.com
Cat Daddy Games,jobs@catdaddy.com
Controlled Chaos Media,jobs@cchaosmedia.com
CCP North America,jobs@ccpgames.com
White Wolf Publishing (CCP Games),jobs@ccpgames.com
CDR Entertainment,jobs@cdrentertainment.com
Celeris,jobs@celeris.com
Centerscore (Vivendi),jobs@centerscore.com
Certain Affinity,jobs@certainaffinity.com
Chair Entertainment Group (Epic Games),jobs@chairentertainmentgroup.com
Chances Media Entertainment,jobs@chancesmedia.com
Checkpoint Studios,jobs@checkpoint-studios.com
Chewy Software,jobs@chewysoftware.net
Chronic Logic,jobs@chroniclogic.com
Cambridge Interactive Development Corporation (CIDC),jobs@cidc.com
Cie Studios,jobs@ciestudios.com
Cipher Prime Studios,jobs@cipherprime.com
City State Entertainment,jobs@citystateentertainment.com
CleverMedia,jobs@clevermedia.com
ClickShake Games,jobs@clickshakegames.com
Collision Studios,jobs@collisionstudios.com
com2us,jobs@com2us.com/ENGGlobal
Comfy,jobs@comfyland.com
Concrete Software,jobs@concretesoftware.com
Conspiracy Entertainment,jobs@conspiracygames.com
Coresoft,jobs@coresoft.com
Disney Interactive Media Group,jobs@corporate.disney.go.com
Crackpot Entertainment,jobs@crackpotentertainment.com
Crate Entertainment,jobs@crateentertainment.com
Crave Entertainment,jobs@cravegames.com
Creat Studios,jobs@creatstudio.com
Critical Mass Interactive,jobs@criticalmassinteractive.com
Crosscut Games,jobs@crosscutgames.com
Crowdpark,jobs@crowdpark.com
Crowdstar International,jobs@crowdstar.com
Cryptic Sea,jobs@crypticsea.com
Cryptic Studios (Perfect World),jobs@crypticstudios.com
Crystal Dynamics,jobs@crystald.com
Cyan Worlds,jobs@cyan.com
D2 Team-Sim,jobs@d2teamsim.com
D3Publisher of America,jobs@d3publisher.us
D7 Games,jobs@d7.com
Danger Close Games (Electronic Arts),jobs@dangerclosegames.com
Dark Tonic,jobs@darktonic.com
Dynamic Animation Systems,jobs@d-a-s.com
Day 1 Studios,jobs@day1studios.com
D-Dub Software,jobs@d-dubsoftware.com
Deep Silver US (Koch Media),jobs@deepsilver.com
Deez Games,jobs@deezgames.com
Dejobaan Games,jobs@dejobaan.com
Demiurge Studios,jobs@demiurgestudios.com
DeNA Global,jobs@dena.jp
Destineer,jobs@destineerstudios.com
Detonator Games,jobs@detonatorgames.com
Devolver Digital,jobs@devolverdigital.com
Digital Chocolate San Mateo,jobs@digitalchocolate.com
Digital Dialect,jobs@digitald.com
Digital Eel,jobs@digital-eel.com
Digital Praise,jobs@digitalpraise.com
Dire Wolf Digital,jobs@direwolfdigital.com
DNA Games (Zynga),jobs@dnagamesinc.com
Door 6,jobs@door-6.com
Doublebear Productions,jobs@doublebearproductions.com
Double Fine Productions,jobs@doublefine.com
Double Helix Games (F9E),jobs@doublehelixgames.com
DoubleTap Games,jobs@doubletapgames.biz
Downsized Games,jobs@downsizedgames.com
DreamQuest Software,jobs@dqsoft.com
DreamBox Learning,jobs@dreambox.com
Dreamspike Studios,jobs@dreamspike.com
Dragon's Den Unlimited,jobs@drgnden.com
Electronic Arts Los Angeles,jobs@ea.com
Electronic Arts Redwood Shores,jobs@ea.com
EA2D (Electronic Arts),jobs@ea.com
Electronic Arts,jobs@ea.com
Electronic Arts Salt Lake,jobs@ea.com
EA Mobile,jobs@eamobile.com
eat sleep play,jobs@eatsleepplay.biz
Edge of Reality,jobs@edgeofreality.com
Creative Edge,jobs@edgies.com
Magnin & Associates,jobs@edmagnin.com
eGames,jobs@egames.com
Eidos Interactive,jobs@eidosinteractive.com
Electric Bat Interactive,jobs@electric-bat.com
Electric Owl Studios,jobs@electricowlstudios.com
Electrified Games,jobs@electrifiedgames.com
Ember Entertainment,jobs@ember-entertainment.com
Empty Clip Studios,jobs@emptyclipstudios.com
En Masse Entertainment,jobs@enmasse.com
Enspire Learning,jobs@enspire.com
Epicenter Studios,jobs@epicenter-studios.com
Impossible Studios,jobs@epicgames.com
Epic Games,jobs@epicgames.com
Epic Seattle,jobs@epicgames.com
Escalation Studios,jobs@escalationstudios.com
Escape Hatch Entertainment,jobs@eschatch.com
Etcetera Edutainment,jobs@etceteraedutainment.com
Evil Genius Designs,jobs@evilgeniusdesigns.com
eV Interactive,jobs@ev-interactive.com
Evony,jobs@evony.net
EXAKT Entertainment,jobs@exaktent.com
Exit Games,jobs@exitgames.com
F84 Games,jobs@f84games.com
Foundation 9 Entertainment (F9E),jobs@f9e.com
Fearless Studios,jobs@fearlessstudios.com
Filament Games,jobs@filamentgames.com
Fine & Dandy Games,jobs@fine-dandy.com
fine Orange Games,jobs@fineorange.com
Fingerprint Digital,jobs@fingerprintplay.com
Firaxis Games,jobs@firaxis.com
Firebrand Games,jobs@firebrandgames.com
Firefly Studios,jobs@fireflyworlds.com
Fire Hose Games,jobs@firehosegames.com
Firewater Games,jobs@firewatergames.com
Fishbeat,jobs@fishbeat.com
Flarb,jobs@flarb.com
FLOAT (hybrid entertainment),jobs@floathybrid.com
Floodgate Entertainment (Zynga),jobs@floodg.com
Flowplay,jobs@flowplay.com
Flying Lab Software,jobs@flyinglab.com
Forterra Systems,jobs@forterrainc.com
Turn 10 Studios,jobs@forzamotorsport.net
Free Range Games,jobs@freerangegames.com
Fresh Games,jobs@freshgames.com
Frogster America,jobs@frogster-america.com
Frontline Studios,jobs@frontstudios.com
Frozen Codebase,jobs@frozencodebase.com
Fuel Cell Games,jobs@fuelcellgames.com
Fugazo,jobs@fugazo.com
Fun Bits,jobs@funbits.com
Funcom,jobs@funcom.com
Funium,jobs@funium.com
Funkitron,jobs@funkitron.com
Fun Machine,jobs@fun-machine.com
FunMobility,jobs@funmobility.com
Funtactix,jobs@funtactix.com
Funzio (GREE),jobs@funzio.com
G1M2,jobs@g1m2.com
Gaijin Games,jobs@gaijingames.com
Galactic Village Games,jobs@galactic-village.com
Game Circus,jobs@gamecircus.com
GameFace.me,jobs@gameface.me
GameHouse - Seattle,jobs@gamehouse.com
Gameloft,jobs@gameloft.com
Game Production Services,jobs@gameprodsvcs.com
K2 Network,jobs@gamersfirst.com
GameSalad,jobs@gamesalad.com
Gamevil,jobs@gamevil.com
Konami Gaming,jobs@gaming.konami.com
Gamzee,jobs@gamzee.com
GarageGames,jobs@garagegames.com
Gas Powered Games,jobs@gaspowered.com
Gastronaut Studios,jobs@gastronautstudios.com
Gargantuan,jobs@gazillion.com
Gazillion Entertainment,jobs@gazillion.com
Gbanga,jobs@gbanga.com
Gearbox Software,jobs@gearboxsoftware.com
Genplay Games,jobs@genplay.com
Ghostfire Games,jobs@ghostfiregames.com
Giant Sparrow,jobs@giantsparrow.com
Global Fun,jobs@globalfun.com
gloops International (Nexon),jobs@gloops.com
Glu Games,jobs@glu.com
GoldFire Studios,jobs@goldfirestudios.com
Got Game Entertainment,jobs@gotgameentertainment.com
Wild Hare Entertainment,jobs@gowildhare.com
GraceWorks Interactive,jobs@graceworksinteractive.com
Graffiti Entertainment,jobs@graffitientertainment.com
Graphite Lab,jobs@graphitelab.com
Graveck,jobs@graveck.com
Griptonite Games (Glu Mobile),jobs@griptonite.com
Guild Software,jobs@guildsoftware.com
Guppy Games,jobs@guppygames.com
Hands-On Mobile,jobs@handson.com
Harmonix Music Systems,jobs@harmonixmusic.com
Heatwave Interactive,jobs@heatwaveinteractive.com
Hellfire Games,jobs@hellfiregames.com
Her Interactive,jobs@herinteractive.com
Hexify,jobs@hexify.com
hi5,jobs@hi5.com
Hidden Path Entertainment,jobs@hiddenpath.com
High 5 Games,jobs@high5games.com
High Impact Games,jobs@highimpactgames.com
High Voltage Software,jobs@high-voltage.com
Hipsoft,jobs@hipsoft.com
Hi-Rez Studios,jobs@hirezstudios.com
HitPoint Studios,jobs@hitpointstudios.com
hopelab,jobs@hopelab.org
Human Head Studios,jobs@humanhead.com
Hypnos Entertainment,jobs@hypnos-entertainment.com
Icarus Studios,jobs@icarusstudios.com
Idle Games,jobs@idle-games.com
Idol Minds,jobs@idolminds.com
id Software (ZeniMax Media),jobs@idsoftware.com
Ignite Game Technologies,jobs@ignitegt.com
International Game Technology,jobs@igt.com
Illfonic,jobs@illfonic.com
Image Space,jobs@imagespaceinc.com
Imagination Entertainment,jobs@imagination.com.au
ImaginEngine (F9E),jobs@imaginengine.com
ImpactGames (Hybrid Learning Systems),jobs@impactgames.com
imvu,jobs@imvu.com
indiePub Entertainment,jobs@indiepubentertainment.com
ingZ,jobs@ingz-inc.com
Inhance Digital Corporation,jobs@inhancegames.com
Insomniac Games,jobs@insomniacgames.com
Interabang Entertainment,jobs@interabangent.com
Intific,jobs@intific.com
Intuition Games,jobs@intuitiongames.com
inXile Entertainment,jobs@inxile-entertainment.com
I-play,jobs@iplay.biz
Iron Realms Entertainment,jobs@ironrealms.com
Iron Will Games,jobs@ironwillgames.com
Irrational Games,jobs@irrationalgames.com
Isopod Labs,jobs@isopodlabs.net
Incredible Technologies,jobs@itsgames.com
iWin.com,jobs@iwin.com
Jagex,jobs@jagex.com
Janus Research Group,jobs@janusresearch.com
Jawfish Games,jobs@jawfishgames.com
Jerry Bruckheimer Games,jobs@jbgames.com
Jellyvision,jobs@jellyvision.com
Jenkat Games,jobs@jenkatgames.com
Jet Set Games,jobs@jetsetgames.net
Jovian Minds,jobs@jovianminds.com
Junction Point Studios (Disney Interactive),jobs@junctionpoint.com
Kabam,jobs@kabam.com
Kalani Games,jobs@kalanigames.com
Kaneva,jobs@kaneva.com
KBooM! Games,jobs@kboomgames.com
Kerpoof Studios (Disney Interactive Media Group),jobs@kerpoof.com
King Bee Digital Games,jobs@kingbeedigitalgames.com
KingsIsle Entertainment,jobs@kingsisle.com
Kixeye,jobs@kixeye.com
KlickNation (Electronic Arts),jobs@klicknation.com
Knife Edge Software,jobs@knifeedge.com
Knowledge Adventure,jobs@knowledgeadventure.com
Kodama Studios,jobs@kodamastudios.com
Konami Digital Entertainment,jobs@konami.com
Kru Interactive,jobs@kru.com
Kung Fu Factory,jobs@kungfufactory.com
Magic Lantern,jobs@lanterngames.com
Lantern,jobs@lanternla.com
Laser Shot,jobs@lasershot.com
Lava Level,jobs@lavalevel.com
Lazy 8 Studios,jobs@lazy8studios.com
Last Day of Work,jobs@ldw.com
Left Field Productions,jobs@left.com
Left Behind Games,jobs@leftbehindgames.com
LeftRight Studios,jobs@leftright.co
Legacy Interactive,jobs@legacyinteractive.com
Level Zero Games,jobs@levelzerogames.com
Leviathan Games,jobs@leviathangames.com
Lightbox Interactive,jobs@lightboxinteractive.com
Linden Lab,jobs@lindenlab.com
LiquidBits,jobs@liquid-bits.com
Monolith Productions,jobs@lith.com
Logical Choice Technologies,jobs@logicalchoice.com
6waves Lolapps,jobs@lolapps.com
Loot Drop,jobs@lootdrop.com
LucasArts Entertainment Company (Disney),jobs@lucasarts.com
Lumosity,jobs@lumosity.com
Mad Otter Games,jobs@madottergames.com
Magic Pixel Games,jobs@magicpixelgames.com
Majesco Entertainment,jobs@majescoentertainment.com
Mako Games,jobs@makogames.com
Masque Publishing,jobs@masque.com
Massive Black,jobs@massiveblack.com
Mastiff Games,jobs@mastiff-games.com
Maven Studios,jobs@maven-studios.com
Mean Hamster Software,jobs@meanhamster.com
Medaverse,jobs@medaverse.com
Meez,jobs@meez.com
Mention Mobile,jobs@mentionmobile.com
Merge Interactive,jobs@mergeinteractive.com
Merit Entertainment,jobs@meritgames.com
Merscom (Playdom),jobs@merscom.com
Disney Interactive Media Group,jobs@metaplace.com
Metaversal Studios,jobs@metaversalstudios.com
Meteor Games,jobs@meteorgames.com
Method-Solutions,jobs@method-solutions.com
MetroGames,jobs@metrogames.com
Monster Games,jobs@mgiracing.com
Microsoft Game Studios,jobs@microsoft.games.com
343 Industries (Microsoft Game Studios),jobs@343Industries.com
Good Science Studio (Microsoft Game Studios),jobs@goodsciencestudio.com
Midnight Studios,jobs@midnight-studios.net
Mighty Play,jobs@mightyplay.com
Mindscape,jobs@mindscape.co.uk
MindSnacks,jobs@mindsnacks.com
MinoMonsters,jobs@minomonsters.com
Marvelous Interactive,jobs@mmvus.com
Mobliss Games,jobs@mobliss.com
mobscience,jobs@mobscience.com
Mock Science,jobs@mockscience.com
Monstrous Company,jobs@monstro.us
Imba Entertainment,jobs@moonbreakers.com
Morphonix,jobs@morphonix.com
Multimedia Games,jobs@multimediagames.com
Mumbo Jumbo,jobs@mumbojumbo.com
MunkyFun,jobs@munkyfun.com
Muzzy Lane,jobs@muzzylane.com
MVP Online,jobs@mvpnetwork.com
Mythic Entertainment (Electronic Arts),jobs@mythicentertainment.com
Naked Sky Entertainment,jobs@nakedsky.com
Namco America,jobs@namcoamerica.com
NAMCO BANDAI Games America,jobs@namcobandaigames.com
Namco Networks America,jobs@namcogames.com
National Geographic Games,jobs@nationalgeographic.com
NaturalMotion Games,jobs@naturalmotiongames.com
Naughty Dog,jobs@naughtydog.com
Neogence,jobs@neogence.com
Nickelodeon Kids & Family Virtual Worlds Group,jobs@neopets.com
Nerjyzed Entertainment,jobs@nerjyzed.com
Nerve Software,jobs@nervesoftware.com
NetDevil,jobs@netdevil.com
Neuron Games,jobs@neurongames.com
Neverdie Studio,jobs@neverdiestudio.com
Neversoft Entertainment (Activision),jobs@neversoft.com
Zynga With Friends,jobs@newtoyinc.com
Nexon America,jobs@nexon.net
nFusion Interactive,jobs@n-fusion.com
Nicalis,jobs@nicalis.com
Night & Day Studios,jobs@nightanddaystudios.com
Night Owl Games,jobs@nightowlgames.net
Nimblebit,jobs@nimblebit.com
Nimbly Games,jobs@nimblygames.com
NinjaBee,jobs@ninjabee.com
Nintendo of America,jobs@nintendo.com
Ninth Dimension Studios,jobs@ninthdimensionstudios.com
NIS America,jobs@nisamerica.com
Novel,jobs@novelincorporated.com
nStigate,jobs@nstigate.com
Number None,jobs@number-none.com
Obelisk Entertainment,jobs@obeliskentertainment.com
Obsidian Entertainment,jobs@obsidianent.com
Ogmento,jobs@ogmento.com
OMGPOP (Zynga),jobs@omgpop.com
Ominous Development,jobs@ominousdev.com
Online Alchemy,jobs@onlinealchemy.com
Oora! Games,jobs@ooragames.com
Orbis Games,jobs@orbisgames.com
Outspark,jobs@outspark.com
Owlchemy Labs,jobs@owlchemylabs.com
PageFad,jobs@pagefad.com
Palestar,jobs@palestar.com
Pangea Software,jobs@pangeasoft.net
Panic Button,jobs@panicbuttongames.com
Papaya Studio,jobs@papayastudio.com
Paper Child Studios,jobs@paperchild.com
Paragon Studios (NCsoft),jobs@paragonstudios.com
Perfect World Entertainment,jobs@perfectworld.com
Perpetual FX,jobs@perpetualfxcreative.net
Persuasive Games,jobs@persuasivegames.com
Petroglyph,jobs@petroglyphgames.com
Pet Tomato,jobs@pettomato.com
Phantom EFX,jobs@phantomefx.com
Phosphor Games Studio,jobs@phosphorgames.com
Pipeworks Software (F9E),jobs@pipeworks.com
Pixel Dash Studios,jobs@pixeldashstudios.com
Pixofactor,jobs@pixofactor.com
Pixowl,jobs@pixowl.com
Planet Moon Studios,jobs@planetmoon.com
Simutronics Corp,jobs@play.net
Playdom (Disney Interactive),jobs@playdom.com
PlayFirst,jobs@playfirst.com
Playfish USA,jobs@playfish.com
Play Mechanix,jobs@playmechanix.com
NCsoft Austin,jobs@plaync.com
NCsoft West,jobs@plaync.com
Playsino,jobs@playsino.com
Plexonic,jobs@plexonic.com
Plow Games,jobs@plowdigital.com
Pocket Gems,jobs@pocketgems.com
Pocketwatch Games,jobs@pocketwatchgames.com
Electronic Arts Pogo,jobs@pogo.com
PopCap Games (Electronic Arts),jobs@popcap.com
Poptropica,jobs@poptropica.com
Portable Zoo,jobs@portablezoo.com
Portalarium,jobs@portalarium.com
PressOK Entertainment,jobs@pressokentertainment.com
Prestige Gaming,jobs@prestigegame.com
Psyonix,jobs@psyonix.com
Puca Studios,jobs@pucastudios.com
Quick Hit,jobs@quickhit.com
Quicksilver,jobs@quicksilver.com
Studio Radi-8,jobs@radi-8.com
Ratloop,jobs@ratloop.com
Raven Software (Activision),jobs@ravensoft.com
Raw Thrills,jobs@rawthrills.com
React! Games,jobs@reactgames.com
Reactor Zero,jobs@reactorzero.com
Ready at Dawn Studios,jobs@readyatdawn.com
Reality Gap,jobs@realitygap.com
RealNetworks,jobs@realnetworks.com
Reaxion,jobs@reaxion.com
Recharge Studios,jobs@rechargestudios.com
Red 5 Studios (The9),jobs@red5studios.com
Redbana,jobs@redbana.com
RedFly Studio,jobs@redflystudio.com
Red Mercury,jobs@red-mercury.com
Red Panda Studios,jobs@redpandastudios.net
Red Robot Labs,jobs@redrobotlabs.com
Red Storm Entertainment (Ubisoft),jobs@redstorm.com
Renegade Kid,jobs@renegadekid.com
Replay Games,jobs@replaygamesinc.com
Respawn Entertainment,jobs@respawn.com
responDESIGN,jobs@respondesign.com
Retired Astronaut Collective,jobs@retiredastronaut.com
Retro Studios (Nintendo),jobs@retrostudios.com
Revelation Interactive,jobs@revelation-interactive.com
Reverge Labs,jobs@revergelabs.com
Ricochet Labs,jobs@ricochetlabs.com
Riot Games,jobs@riotgames.com
Riptide Games,jobs@riptidegames.com
Roblox,jobs@roblox.com
Robomodo,jobs@robomodo.com
Robot Entertainment,jobs@robotentertainment.com
Robot Invader,jobs@robotinvader.com
Robotube Games,jobs@robotubegames.com
Rocket Ninja,jobs@rocketninja.com
Rockstar New England,jobs@rockstarnewengland.com
RockYou,jobs@rockyou.com
Roxor Games,jobs@roxorgames.com
Rumble Entertainment,jobs@rumblegames.com
Run Games,jobs@run-games.com
Runic Games,jobs@runicgames.com
Runoff Studios,jobs@runoffstudios.com
RunWilder Entertainment,jobs@runwilder.com
S2Games,jobs@s2games.com
Saber Interactive,jobs@saber3d.com
Sandlot Games (Digital Chocolate),jobs@sandlotgames.com
Sanzaru Games,jobs@sanzaru.com
Savage Entertainment,jobs@savagesite.com
Schell Games,jobs@schellgames.com
Scientifically Proven Entertainment,jobs@scientificallyproven.com
Scopely,jobs@scopely.com
Screenlife,jobs@screenlifegames.com
SCVNGR,jobs@scvngr.com
Seamless Entertainment,jobs@seamlessentertainment.com
Secret Builders,jobs@secretbuilders.com
Secret Library,jobs@secret-library.com
Sega of America,jobs@sega.com
Sega Amusements USA,jobs@segaarcade.com
Seismic Games,jobs@seismicgames.com
Self Aware Games Studio (Big Fish Games),jobs@selfawaregames.com
Semi Secret Software,jobs@semisecretsoftware.com
Seven45 Studios,jobs@seven45studios.com
SGN (Social Gaming Network),jobs@sgn.com
Sharkbyte Studios,jobs@sharkbyte.com
Shockwave Productions,jobs@shockwaveproductions.com
Sifteo,jobs@sifteo.com
Signal Studios,jobs@signalstudios.net
Silver Creek Entertainment,jobs@silvercrk.com
Silverlode Interactive,jobs@silverlodeinteractive.com
SilverTree Media,jobs@silvertreemedia.com
Steve Jackson Games,jobs@sjgames.com
Haunted Temple Studios,jobs@skullsoftheshogun.com
Skunk Studios,jobs@skunkstudios.com
SkyVu Pictures,jobs@sky.vu
Skyworks,jobs@skyworks.com
Slang,jobs@slang.vg
Slingo,jobs@slingo.com
Smart Bomb Interactive,jobs@smartbombinteractive.com
Smashing Ideas,jobs@smashingideas.com
Smith & Tinker,jobs@smithandtinker.com
Snakehead Software,jobs@snakeheadsoftware.com
Sneaky Games,jobs@sneakygames.com
SNK Playmore Corporation,jobs@snkplaymoreusa.com
Snowblind Studios,jobs@snowblindstudios.com
Soldak Entertainment,jobs@soldak.com
Soma Games,jobs@somagames.com
Sony Online Entertainment,jobs@sonyonline.com
Sony Online Entertainment Denver,jobs@sonyonline.com
Sourcebits,jobs@sourcebits.com
Southpeak Interactive,jobs@southpeakgames.com
Spacetime Studios,jobs@spacetimestudios.com
Space Whale Studios,jobs@spacewhalestudios.com
Spark Plug Games,jobs@sparkpluggames.com
Spark Unlimited,jobs@sparkunlimited.com
Spectre Media,jobs@spectremediallc.com
SpiderMonk Entertainment,jobs@spidermonk.com
Spiderweb Software,jobs@spiderwebsoftware.com
Spooky Cool Labs,jobs@spookycool.com
Sports Mogul,jobs@sportsmogul.com
Spry Fox,jobs@spryfox.com
Spyra,jobs@spyragames.com
Square Enix Incorporated,jobs@square-enix.com
SRRN Games,jobs@srrngames.com
Stand Alone,jobs@standalone.com
Stardock,jobs@stardock.com
Starfilled Studios (Valve),jobs@starfilledstudios.com
Playtechtonics,jobs@starportgame.com
Steel Penny Games,jobs@steelpennygames.com
Stickery,jobs@stickeryapp.com
Storm8,jobs@storm8.com
Stumptown Game Machine (ngmoco),jobs@stumptowngamemachine.com
Subdued Software,jobs@subduedsoftware.com
Subutai Corporation,jobs@subutai.mn
Sucker Punch Productions (Sony),jobs@suckerpunch.com
Sunleaf Studios,jobs@sunleafstudios.com
Sunstorm Games,jobs@sunstormgames.com
Supergiant Games,jobs@supergiantgames.com
Super Happy Fun Fun,jobs@superhappyfunfun.com
SuperSecret,jobs@supersecret.com
SuperVillian Studios,jobs@supervillainstudios.com
Swamiware,jobs@swamiware.com
Synaptic Switch,jobs@synapticswitch.com
Tagged,jobs@tagged.com
Tandem Games,jobs@tandemgames.com
Tap Me Games,jobs@tapme.info
Tapulous,jobs@tapulous.com
Tarver Games,jobs@tarvergames.com
Telltale Games,jobs@telltalegames.com
Tencent Boston,jobs@tencentboston.com
Terminal Reality,jobs@terminalreality.com
Tethys Interactive,jobs@tethysinteractive.com
thatgamecompany,jobs@thatgamecompany.com
The Behemoth,jobs@thebehemoth.com
Rebel Planet Creations,jobs@therebelplanet.com
The Tap Lab,jobs@thetaplab.com
The Workshop,jobs@theworkshop.us.com
Third Wire Productions,jobs@thirdwire.com
THQ San Diego,jobs@thq.com
Three Donkeys,jobs@threedonkeys.com
Three Rings Design (SEGA),jobs@threerings.net
Thriller Publishing,jobs@thrillerpublishing.com
Thrust Interactive,jobs@thrustinteractive.com
Tic Toc Games,jobs@tictocgames.com
Tiger Style,jobs@tigerstylegames.com
TikGames,jobs@tikgames.com
Tilted Mill Entertainment,jobs@tiltedmill.com
TimeGate Studios,jobs@timegate.com
TimePlay Entertainment,jobs@timeplay.com
Tinderbox Entertainment,jobs@tinderboxentertainment.com
Tintash,jobs@tintash.com
Tin Truck,jobs@tintruck.com
TinyCo,jobs@tinyco.com
Tiny Speck,jobs@tinyspeck.com
Tornado Studios,jobs@tornadostudios.com
Torpex Games,jobs@torpexgames.com
Toys For Bob (Activision),jobs@toysforbob.com
ToyStudio,jobs@toystudio.com
Transgaming Digital Home,jobs@transgaming.com
Treyarch (Activision),jobs@treyarch.com
Trigger Happy,jobs@triggerhappy.la
Trilogy Studios,jobs@trilogystudios.com
Trion World Network,jobs@trionworld.com
Triple Threat Mobile,jobs@triplethreatmobile.com
Triptych Games,jobs@triptychgames.com
Tripwire Interactive,jobs@tripwireinteractive.com
Turbine (Warner Bros),jobs@turbinegames.com
Adult Swim (Turner Broadcasting System),jobs@turner.com
Turtle Rock Studios,jobs@turtlerockstudios.com
Twisted Pixel Games (Microsoft),jobs@twistedpixelgames.com
U4ia Games,jobs@u4iagames.com
Uber Entertainment,jobs@uberent.com
Ubisoft San Francisco,jobs@ubisoftgroup.com
Undead Labs,jobs@undeadlabs.com
Unit9,jobs@unit9.com
Unknown Worlds,jobs@unknownworlds.com
Sony Computer Entertainment,jobs@us.playstation.com
Sony Computer Entertainment America,jobs@us.playstation.com
UTV True Games,jobs@utvtruegames.com
Valcon Games,jobs@valcongames.com
Valkyrie Entertainment,jobs@valkyrie-entertainment.com
ValuSoft (THQ),jobs@valusoft.com
Valve Corporation,jobs@valvesoftware.com
Vectorform Game Studio,jobs@vectorform.com
Vector Unit,jobs@vectorunit.com
Veiled Games,jobs@veiledgames.com
Venan Entertainment,jobs@venan.com
Viavivo,jobs@viavivo.com
Vicinity Games,jobs@vicinitygames.com
Vicious Cycle Software,jobs@viciouscycleinc.com
Vigil Games,jobs@vigilgames.com
Villian,jobs@villainhq.com
Vir2L Studios,jobs@vir2l.com
Virtual Heroes,jobs@virtualheroes.com
Virtual Space Entertainment,jobs@virtualspaceentertainment.com
Visceral Games (Electronic Arts),jobs@visceralgames.com
Vision Videogames,jobs@vision-play.com
Visionscape Interactive,jobs@vision-scape.com
Vogster Entertainment,jobs@vogster.com
Volition (THQ),jobs@volition-inc.com
Wahoo Studios,jobs@wahoo.com
Wandake Studios,jobs@wandake.com
Wargaming America,jobs@wargaming.net
WayForward Technologies,jobs@wayforward.com
Warner Bros Games,jobs@wbgames.com
Webfoot Technologies,jobs@webfootgames.com
WEBZEN America,jobs@webzen.com
WeeWorld,jobs@weeworld.com
WhatIf Sports,jobs@whatifsports.com
WhiteMoon Dreams,jobs@whitemoondreams.com
White Whale Games,jobs@whitewhalegames.com
Wideload (Disney Interactive),jobs@wideload.com
WildTangent,jobs@wildtangent.com
Wizards of the Coast,jobs@wizards.com
WMS,jobs@wms.com
WorldWinner,jobs@worldwinner.com
Cornered Rat Software,jobs@wwiionline.com
WXP,jobs@wxp3d.com
Xaviant,jobs@xaviant.com
cube GAMES,jobs@xcubegames.com
X-Ray Kid,jobs@x-raykid.com
Xseed,jobs@xseedgames.com
Yatec,jobs@yatecgames.com
Z2Live,jobs@z2live.com
Zachtronics Industries,jobs@zachtronicsindustries.com
ZeniMax Media,jobs@zenimax.com
ZeniMax Online Studios,jobs@zenimaxonline.com
Ziggurat Interactive,jobs@zigguratinteractive.com
Zipline Games,jobs@ziplinegames.com
ZipZapPlay,jobs@zipzapplay.com
Zivix,jobs@zivix.net
Zombie,jobs@zombie.com
Zynga,jobs@zynga.com
Zynga Los Angeles,jobs@zynga.com
Zynga Austin,jobs@zynga.com
Zynga Dallas,jobs@zynga.com
Zynga Seattle,jobs@zynga.com
Part 12 Studios,jobs@part12studios.com
Team Phobic,jobs@teamphobic.com
