Atari,jobs@atari.com
Atari,jobs@atari.com
AT KidSystems,jobs@atkidsystems.com
Atlus United States,jobs@atlus.com
Atomic Games,jobs@atomicgames.com
Autumn Games,jobs@autumngames.com
Autumn Games,jobs@autumngames.com
Avatar Reality,jobs@avatar-reality.com
Babaroga Games,jobs@babaroga.com
Backflip Studios,jobs@backflipstudios.com
Barking Lizards Technologies,jobs@barkinglizards.com
Basilisk Games,jobs@basiliskgames.com
Battlefront.com,jobs@battlefront.com
Baygull Studios,jobs@baygullstudios.com
BBMF Americas,jobs@bbmf-americas.com
Beep Industries,jobs@beepindustries.com
Sony Computer Entertainment,jobs@bendgamestudio.com
Benxing Entertainment,jobs@benxing.com
Bethesda Softworks (ZeniMax Media),jobs@bethsoft.com
Big Finish Games,jobs@bigfinishgames.com
Big Fish Games,jobs@bigfishgames.com
Big Fun Development Corporation,jobs@bigfun.net
Big John Games,jobs@bigjohngames.com
Big Rooster,jobs@big-rooster.com
BioWare Social (Electronic Arts),jobs@bioware.com
BioWare Austin (Electronic Arts),jobs@bioware.com
Birnam Wood Games,jobs@birnamwoodgames.com
BitMonster,jobs@bitmonstergames.com
Blackburst Media,jobs@blackburstmedia.com
Black Jacket Games,jobs@blackjacketgames.com
Black Lantern Studios,jobs@blacklanternstudios.com
Black Ops Entertainment,jobs@blackops.com
Blendo Games,jobs@blendogames.com
Blind Wink Games (Universal Pictures),jobs@blindwink.com
Blizzard Entertainment,jobs@blizzard.com
Blizzard Entertainment,jobs@blizzard.com
blockdot,jobs@blockdot.com
Blue Goji,jobs@bluegoji.com
Blue Heat,jobs@blue-heat.com
Blue Mammoth Games,jobs@bluemammoth.com
Blue Planet Software,jobs@blueplanetsoftware.com
Bluepoint Games,jobs@bluepointgames.com
Blue Shift Games,jobs@blueshiftgames.com
Bonfire Studios,jobs@bonfire-studios.com
Boomzap,jobs@boomzap.com
Bouncing Pixel,jobs@bouncingpixel.com
BreakAway Games,jobs@breakawaygames.com
Breaktime Studios,jobs@breaktimestudios.com
BRIGHTdriver,jobs@brightdriver.com
Broken Circle Studios,jobs@brokencirclestudios.com